{
	"type": "minecraft:block",
	"pools": [
		{
			"rolls": 1,
			"entries": [
				{
					"type": "minecraft:item",
					"name": "minecraft:deepslate",
					"functions": [
						{
							"function": "minecraft:set_custom_model_data",
							"value": 2010000
						},
						{
							"function": "minecraft:set_custom_data",
							"tag": "{\"common_signals\":{\"temp\":true}}"
						}
					]
				}
			],
			"conditions": [
				{
					"condition": "minecraft:survives_explosion"
				}
			]
		},
		{
			"rolls": 1,
			"bonus_rolls": 0,
			"entries": [
				{
					"type": "minecraft:item",
					"name": "minecraft:polished_deepslate"
				}
			],
			"conditions": [
				{
					"condition": "minecraft:survives_explosion"
				}
			]
		}
	],
	"random_sequence": "minecraft:blocks/polished_deepslate",
	"__smithed__": {
		"rules": [
			{
				"type": "smithed:append",
				"target": "pools[0].entries",
				"source": {
					"type": "smithed:reference",
					"path": "pools[0].entries[0]"
				}
			},
			{
				"type": "smithed:append",
				"target": "pools[0].conditions",
				"source": {
					"type": "smithed:reference",
					"path": "pools[0].conditions[0]"
				}
			}
		]
	}
}
